{"accuracy": [0.9670125842094421, 0.9366196990013123, 0.9654373526573181, 0.9659006595611572, 0.9580244421958923, 0.9469051361083984, 0.9535767436027527, 0.9308747053146362, 0.9539473652839661, 0.972294270992279, 0.9767420291900635, 0.9521868228912354, 0.9739621877670288, 0.9772053360939026, 0.9640474319458008, 0.952464759349823, 0.9750741124153137, 0.9708117246627808, 0.9750741124153137, 0.9700704216957092, 0.9671978950500488, 0.9824870228767395, 0.9797998666763306, 0.9808191061019897, 0.9815604090690613, 0.9745181798934937, 0.9747961163520813, 0.9847108721733093, 0.9829503297805786, 0.9793365597724915], "loss": [0.17356039583683014, 0.2856086492538452, 0.2297152429819107, 0.31476476788520813, 0.3421160876750946, 0.37065672874450684, 0.3089748024940491, 0.2856917679309845, 0.19963814318180084, 0.13664081692695618, 0.2538077235221863, 0.17273549735546112, 0.10563869029283524, 0.127141073346138, 0.20039038360118866, 0.20264092087745667, 0.22937163710594177, 0.1127544566988945, 0.10971280932426453, 0.15176141262054443, 0.11874691396951675, 0.0797676295042038, 0.12897834181785583, 0.07033506780862808, 0.12911492586135864, 0.12310393154621124, 0.08262009173631668, 0.07471240311861038, 0.09456851333379745, 0.1794624924659729], "val_accuracy": [0.890659749507904, 0.890659749507904, 0.8750926852226257, 0.8813936114311218, 0.8939955234527588, 0.9025203585624695, 0.8854707479476929, 0.8928835988044739, 0.9002965092658997, 0.9010378122329712, 0.8876945972442627, 0.9054855704307556, 0.8977019786834717, 0.8954781293869019, 0.9054855704307556, 0.9036323428153992, 0.8980726599693298, 0.903261661529541, 0.8769459128379822, 0.8988139629364014, 0.918458104133606, 0.9099332690238953, 0.9036323428153992, 0.915863573551178, 0.8873239159584045, 0.9047442674636841, 0.9099332690238953, 0.9099332690238953, 0.9017791152000427, 0.9095626473426819], "val_loss": [0.6045581698417664, 0.7768409252166748, 1.8431984186172485, 0.7937769889831543, 0.8847392797470093, 1.0269298553466797, 0.7182536721229553, 0.6334405541419983, 0.541695773601532, 0.7526067495346069, 0.9312196969985962, 0.7217999696731567, 0.652739942073822, 0.5760242938995361, 0.4452380836009979, 0.4116838872432709, 0.8207372426986694, 0.6103135347366333, 0.7920272946357727, 0.5139099955558777, 0.43350833654403687, 0.5231836438179016, 0.5690010190010071, 0.45559215545654297, 0.5633568167686462, 0.5240198969841003, 0.47033533453941345, 0.4497515559196472, 0.731598436832428, 0.5599497556686401]}